Tanggal,Terinfeksi,Sembuh,Meninggal,Total Kasus
2/2/2021,1478,7756,194000,9428
2/3/2021,1351,8024,197000,9572
2/4/2021,1103,8452,202000,9757
2/5/2021,,,,
2/6/2021,1227,8591,203000,10021
2/7/2021,1293,8597,206000,10096
2/8/2021,1249,8719,207000,10175
2/9/2021,,,,
2/10/2021,982,9136,208000,10326
2/11/2021,995,9275,215000,10485
2/12/2021,890,9516,216000,10622
2/13/2021,1003,9520,216000,10739
2/14/2021,,,,
2/15/2021,1108,9613,218000,10939
2/16/2021,875,10021,224000,11120
2/17/2021,988,10064,225000,11277
2/18/2021,,,,
2/19/2021,897,10314,228000,11439
2/20/2021,861,10410,228000,11499
2/21/2021,946,10437,229000,11612
2/22/2021,1055,10434,233000,11722
2/23/2021,,,,
2/24/2021,1049,10784,241000,12074
2/25/2021,1205,10846,242000,12293
2/26/2021,1187,11054,242000,12483
2/27/2021,,,,
2/28/2021,1319,11141,244000,12704
3/1/2021,1379,11219,244000,12842
3/2/2021,1166,11556,246000,12968
3/3/2021,1183,11664,246000,13093
3/4/2021,,,,
3/5/2021,1198,11929,251000,13378
3/6/2021,1143,12071,251000,13465
3/7/2021,1192,12110,253000,13555
3/8/2021,,,,
3/9/2021,1204,12288,255000,13747
3/10/2021,1276,12295,255000,13826
3/11/2021,978,12683,255000,13916
3/12/2021,,,,
3/13/2021,943,12947,257000,14147
3/14/2021,906,13062,258000,14226
3/15/2021,958,13102,260000,14320
3/16/2021,1002,13126,262000,14390
3/17/2021,,,,
3/18/2021,867,13457,265000,14589
3/19/2021,854,13541,265000,14660
3/20/2021,905,13553,266000,14724
3/21/2021,,,,
3/22/2021,735,13842,267000,14844
3/23/2021,778,13855,268000,14901
3/24/2021,743,13953,268000,14964
3/25/2021,715,14048,268000,15031
3/26/2021,,,,
3/27/2021,618,14270,269000,15157
3/28/2021,693,14285,271000,15249
3/29/2021,717,14333,271000,15321
3/30/2021,,,,
3/31/2021,679,14494,271000,15444
4/1/2021,694,14538,273000,15505
4/2/2021,720,14614,273000,15607
4/3/2021,759,14614,273000,15646
4/4/2021,,,,
4/5/2021,671,14779,279000,15729
4/6/2021,720,14800,280000,15800
4/7/2021,638,14932,280000,15850
4/8/2021,,,,
4/9/2021,665,15011,282000,15958
4/10/2021,715,15041,283000,16039
4/11/2021,746,15068,284000,16098
4/12/2021,,,,
4/13/2021,660,15268,285000,16213
4/14/2021,679,15304,285000,16268
4/15/2021,718,15327,286000,16331
4/16/2021,752,15355,286000,16393
4/17/2021,,,,
4/18/2021,755,15538,286000,16579
4/19/2021,669,15686,286000,16641
4/20/2021,708,15744,291000,16743
4/21/2021,,,,
4/22/2021,758,15781,291000,16830
4/23/2021,794,15788,291000,16873
4/24/2021,629,16024,292000,16945
4/25/2021,694,16028,292000,17014
4/26/2021,,,,
4/27/2021,777,16051,294000,17122
4/28/2021,723,16187,294000,17204
4/29/2021,623,16389,294000,17306
4/30/2021,,,,
5/1/2021,792,16414,295000,17501
5/2/2021,833,16415,297000,17545
5/3/2021,840,16442,298000,17580
5/4/2021,895,16446,300000,17641
5/5/2021,,,,
5/6/2021,872,16593,301000,17766
5/7/2021,913,16635,303000,17851
5/8/2021,707,16935,304000,17946
5/9/2021,,,,
5/10/2021,656,17087,305000,18048
5/11/2021,605,17191,305000,18101
5/12/2021,622,17246,306000,18174
5/13/2021,687,17252,307000,18246
5/14/2021,,,,
5/15/2021,798,17261,309000,18368
5/16/2021,745,17341,317000,18403
5/17/2021,621,17512,317000,18450
5/18/2021,,,,
5/19/2021,514,17776,323000,18613
5/20/2021,517,17821,324000,18662
5/21/2021,464,17969,326000,18759
5/22/2021,,,,
5/23/2021,496,18064,326000,18886
5/24/2021,,,,
5/25/2021,439,18284,336000,19059
5/26/2021,,,,
5/27/2021,,,,
5/28/2021,516,18449,341000,19306
5/29/2021,554,18489,342000,19385
5/30/2021,546,18555,342000,19443
5/31/2021,,,,
6/1/2021,666,18567,342000,19575
6/2/2021,686,18596,344000,19626
6/3/2021,763,18613,348000,19724
6/4/2021,688,18787,351000,19826
6/5/2021,,,,
6/6/2021,756,18892,355000,20003
6/7/2021,739,19000,358000,20097
6/8/2021,851,19002,358000,20211
6/9/2021,,,,
6/10/2021,894,19205,361000,20460
6/11/2021,984,19224,363000,20571
6/12/2021,1102,19256,365000,20723
6/13/2021,1188,19309000,366000,20863
6/14/2021,,,,
6/15/2021,1375,19385,367000,21127
6/16/2021,1130,19781,369000,21280
6/17/2021,1182,19890,370000,21442
6/18/2021,,,,
6/19/2021,1480,20007,372000,21859
6/20/2021,1684,20.019,374000,22077
6/21/2021,1699,20219,377000,22295
6/22/2021,1876,20271,378000,22525
6/23/2021,,,,
6/24/2021,1994,20550,381000,22925
6/25/2021,2127,20591,381000,23099
6/26/2021,2246,20697,416000,23359
6/27/2021,,,,
6/28/2021,2587,20978,436000,24001
6/29/2021,2846,21028,452000,24326
6/30/2021,2834,21302,477000,24613
7/1/2021,,,,
7/2/2021,2949,21800,546000,25295
7/3/2021,3176,21836,583000,25595
7/4/2021,3517,21842,617000,25976
7/5/2021,3329,22352,645000,26326
7/6/2021,,,,
7/7/2021,3909,22639,673000,27221
7/8/2021,4093,22840,690000,27623
7/9/2021,4276,23044,699000,28019
7/10/2021,,,,
7/11/2021,4946,23112,740000,28798
7/12/2021,4839,23411,745000,28995
7/13/2021,5134,23445,753000,29332
7/14/2021,5373,23494,782000,29649
7/15/2021,,,,
7/16/2021,6169,23636,821000,30626
7/17/2021,6606,23734,835000,31175
7/18/2021,6833,23734,879000,31446
7/19/2021,,,,
7/20/2021,6550,24651,1017,32218
7/21/2021,6780,24749,1067,32596
7/22/2021,6545,25276,1104,32925
7/23/2021,7295,25446,1110,33851
7/24/2021,,,,
7/25/2021,8203,25491,1171,34865
7/26/2021,8431,25544,1191,35166
7/27/2021,8694,25716,1220,35630
7/28/2021,,,,
7/29/2021,8938,26323,1236,36497
7/30/2021,8983,26771,1238,36992
7/31/2021,8855,27218,1258,37331
8/1/2021,,,,
8/2/2021,7296,29354,1268,37918
8/3/2021,7062,29765,1275,38102
8/4/2021,6851,30181,1286,38318
8/5/2021,6416,30749,1300,38465
8/6/2021,,,,
8/7/2021,6342,31287,1316,38945
8/8/2021,6425,31399,1318,39142
8/9/2021,5558,32349,1325,39232
8/10/2021,,,,
8/11/2021,5660,32514,1338,39512
8/12/2021,5468,32857,1344,39669
8/13/2021,5088,33314,1345,39747
8/14/2021,5155,33360,1345,39860
8/15/2021,,,,
8/16/2021,3936,34905,1359,40200
8/17/2021,4013,34941,1359,40313
8/18/2021,1631,37430,1360,40421
8/19/2021,,,,
8/20/2021,1691,37521,1367,40579
8/21/2021,1811,37537,1376,40724
8/22/2021,1877,37548,1377,40802
8/23/2021,2103,37552,1377,41032
8/24/2021,,,,
8/25/2021,2136,37695,1383,41214
8/26/2021,2188,37713,1388,41289
8/27/2021,1978,37981,1389,41348
8/28/2021,,,,
8/29/2021,2083,37981,1391,41455
8/30/2021,2079,38047,1394,41520
8/31/2021,2129,38048,1396,41573
9/1/2021,2020,38240,1398,41658
9/2/2021,,,,
9/3/2021,625,39732,1404,41761
9/4/2021,629,39777,1404,41810
9/5/2021,645,39795,1404,41844
9/6/2021,,,,
9/7/2021,601,39915,1410,41926
9/8/2021,599,39977,1410,41986
9/9/2021,590,40036,1410,42036
9/10/2021,,,,
9/11/2021,532,40170,1411,42113
9/12/2021,492,40240,1411,42143
9/13/2021,496,40248,1418,42162
9/14/2021,510,40257,1418,42185
9/15/2021,,,,
9/16/2021,,,,
9/17/2021,428,40449,1419,42296
9/18/2021,416,40485,1419,42320
9/19/2021,,,,
9/20/2021,396,40530,1419,42345
9/21/2021,364,40572,1419,42355
9/22/2021,306,40635,1419,42360
9/23/2021,315,40650,1419,42384
9/24/2021,,,,
9/25/2021,178,40803,1419,42400
9/26/2021,184,40809,1419,42412
9/27/2021,131,40868,1419,42418
9/28/2021,,,,
9/29/2021,108,40908,1419,42435
9/30/2021,110,40917,1421,42448
10/1/2021,105,40933,1421,42459
10/2/2021,116,40933,1421,42470
10/3/2021,,,,
10/4/2021,95,40968,1421,42484
10/5/2021,95,40977,1421,42493
10/6/2021,83,40992,1422,42497
10/7/2021,,,,
10/8/2021,103,41003,1422,42528
10/9/2021,100,41009,1422,42531
10/10/2021,95,41019,1422,42536
10/11/2021,99,41022,1422,42543
10/12/2021,,,,
10/13/2021,102,41033,1422,42557
10/14/2021,100,41042,1422,42564
10/15/2021,99,41052,1422,42573
10/16/2021,,,,
10/17/2021,100,41063,1422,42585
10/18/2021,93,41074,1422,42589
10/19/2021,70,41106,1422,42598
10/20/2021,,,,
10/21/2021,72,41114,1422,42608
10/22/2021,105,41118,1422,42645
10/23/2021,124,41119,1422,42665
10/24/2021,140,41123,1422,42685
10/25/2021,,,,
10/26/2021,144,41146,1422,42712
10/27/2021,163,41150,1422,42735
10/28/2021,185,41156,1422,42763
10/29/2021,,,,
10/30/2021,291,41173,1422,42886
10/31/2021,364,41176,1422,42962
11/1/2021,391,41192,1422,43005
11/2/2021,359,41241,1422,43022
11/3/2021,,,,
11/4/2021,450,41261,1422,43133
11/5/2021,481,41277,1422,43180
11/6/2021,471,41303,1422,43196
11/7/2021,,,,
11/8/2021,430,41389,1422,43241
11/9/2021,264,41568,1422,43254
11/10/2021,254,41583,1422,43259
11/11/2021,259,41588,1422,43269
11/12/2021,,,,
11/13/2021,203,41663,1422,43288
11/14/2021,136,41736,1422,43294
11/15/2021,106,41773,1422,43301
11/16/2021,,,,
11/17/2021,72,41819,1422,43313
11/18/2021,93,41821,1422,43336
11/19/2021,81,41835,1422,43338
11/20/2021,71,41848,1422,43341
11/21/2021,,,,
11/22/2021,57,41872,1422,43351
11/23/2021,55,41880,1422,43357
11/24/2021,66,41881,1422,43369
11/25/2021,,,,
11/26/2021,49,41910,1422,43381
11/27/2021,50,41914,1422,43386
11/28/2021,51,41916,1422,43389
11/29/2021,,,,
11/30/2021,46,41928,1423,43397
12/1/2021,47,41929,1423,43399
12/2/2021,48,41936,1423,43407
12/3/2021,48,41197,1423,43418
12/4/2021,,,,
12/5/2021,43,41965,1423,43431
12/6/2021,43,41966,1423,43432
12/7/2021,34,41975,1423,43432
12/8/2021,,,,
12/9/2021,54,41976,1423,43453
12/10/2021,60,41980,1423,43463
12/11/2021,57,41989,1423,43469
12/12/2021,50,42005,1423,43478
12/13/2021,,,,
12/14/2021,58,42009,1423,43490
12/15/2021,64,42010,1423,43497
12/16/2021,64,42020,1423,43507
12/17/2021,,,,
12/18/2021,65,42039,1423,43527
12/19/2021,62,42044,1423,43529
12/20/2021,57,42051,1423,43531
12/21/2021,53,42062,1423,43538
12/22/2021,,,,
12/23/2021,45,42073,1423,43541
12/24/2021,38,42080,1423,43541
12/25/2021,35,42088,1423,43546
12/26/2021,,,,
12/27/2021,20,42106,1423,43549
12/28/2021,18,42108,1423,43549
12/29/2021,25,42108,1423,43556
12/30/2021,,,,
12/31/2021,21,42118,1423,43562
1/1/2022,22,42118,1423,43563
1/2/2022,21,42120,1423,43564
1/3/2022,21,42120,1423000,43564
1/4/2022,,,,
1/5/2022,19,42126,1423,43568
1/6/2022,21,42128,1423,43572
1/7/2022,19,42132,1423,43574
1/8/2022,,,,
1/9/2022,17,42137,1423,43577
1/10/2022,14,42140,1424,43578
1/11/2022,19,42140,1424,43583
1/12/2022,21,42141,1424,43586
1/13/2022,,,,
1/14/2022,30,42146,1424,43600
1/15/2022,34,42149,1424,43607
1/16/2022,38,42150,1424,43612
1/17/2022,,,,
1/18/2022,56,42155,1424,43635
1/19/2022,69,42155,1424,43648
1/20/2022,88,42156,1424,43668
1/21/2022,108,42162,1424,43694
1/22/2022,,,,
1/23/2022,143,42175,1424,43742
1/24/2022,147,42187,1424,43758
1/25/2022,183,42193,1425,43801
1/26/2022,,,,
1/27/2022,,,,
1/28/2022,336,42221,1426,43983
1/29/2022,448,42248,1426,44122
1/30/2022,501,42271,1426,44198
1/31/2022,,,,
2/1/2022,682,42321,1426,44429
2/2/2022,793,42335,1426,44554
2/3/2022,1067,42384,1426,44877
2/4/2022,,,,
2/5/2022,1436,42514,1427,45377
2/6/2022,1802,42626,1427,45855
2/7/2022,1913,42741,1427,46081
2/8/2022,,,,
2/9/2022,3072,42915,1427,47414
2/10/2022,3372,43184,1429,47985
2/11/2022,3829,43189,1429,48447
2/12/2022,4569,43306,1429,49304
2/13/2022,,,,
2/14/2022,5333,43901,1430,50664
2/15/2022,6072,44307,1433,51812
2/16/2022,6846,44710,1434,52990
2/17/2022,,,,
2/18/2022,8656,45621,1436,55713
2/19/2022,9319,46321,1436,57076
2/20/2022,9638,47008,1436,58082
2/21/2022,9797,47760,1436,58993
2/22/2022,,,,
2/23/2022,11397,49340,1438,62175
2/24/2022,12735,49737,1442,63914
2/25/2022,12918,51191,1443,65552
2/26/2022,,,,
2/27/2022,12842,53857,1445,68144
2/28/2022,12149,55065,1447,68661
3/1/2022,11423,56417,1448,69288
3/2/2022,11634,57493,1451,70578
3/3/2022,,,,
3/4/2022,11682,59770,1452,72904
3/5/2022,11486,61364,1452,74302
3/6/2022,10652,63176,1453,75281
3/7/2022,,,,
3/8/2022,9435,66496,1454,77385
3/9/2022,9221,67677,1454,78352
3/10/2022,9514,68190,1457,79161
3/11/2022,,,,
3/12/2022,8619,70345,1459,80423
3/13/2022,7741,71672,1460,80873
3/14/2022,7445,72313,1462,81220
3/15/2022,6588,73728,1463,81779
3/16/2022,,,,
3/17/2022,6186,75095,1466,82747
3/18/2022,5451,76276,1468,83195
3/19/2022,4668,77213,1470,83351
3/20/2022,,,,
3/21/2022,2723,79581,1472,83776
3/22/2022,2725,79890,1472,84087
3/23/2022,2299,80522,1472,84293
3/24/2022,2321,80694,1472,84487
3/25/2022,,,,
3/26/2022,2033,81396,1473,84902
3/27/2022,1727,81799,1473,84999
3/28/2022,1481,82126,1473,85080
3/29/2022,,,,
3/30/2022,1377,82482,1473,85332
3/31/2022,1161,82794,1474,85429
4/1/2022,1032,82986,1474,85492
4/2/2022,941,83168,1474,85583
4/3/2022,,,,
4/4/2022,716,83470,1475,85661
4/5/2022,653,83581,1475,85709
4/6/2022,656,83639,1475,85770
4/7/2022,,,,
4/8/2022,496,83892,1475,85863
4/9/2022,433,83991,1475,85899
4/10/2022,400,84053,1475,85928
4/11/2022,366,84124,1475,85965
4/12/2022,,,,
4/13/2022,372,84199,1475,86046
4/14/2022,334,84266,1475,86075
4/15/2022,320,84304,1475,86099
4/16/2022,,,,
4/17/2022,254,84402,1475,86131
4/18/2022,224,84448,1475,86147
4/19/2022,212,84481,1475,86168
4/20/2022,,,,
4/21/2022,199,84545,1475,86219
4/22/2022,181,84583,1475,86239
4/23/2022,189,84583,1475,86247
4/24/2022,199,84583,1475,86257
4/25/2022,,,,
4/26/2022,129,84665,1475,86257
4/27/2022,129,84677,1475,86281
4/28/2022,122,84701,1475,86298
4/29/2022,,,,
4/30/2022,94,84747,1475,86316
5/1/2022,79,84765,1475,86319
5/2/2022,74,84770,1475,86319
5/3/2022,63,84783,1475,86321
5/4/2022,,,,
5/5/2022,49,84805,1475,86329
5/6/2022,31,84823,1475,86329
5/7/2022,23,84836,1475,86334
5/8/2022,,,,
5/9/2022,26,84844,1475,86345
5/10/2022,36,84844,1475,86355
5/11/2022,44,84844,1475,86363
5/12/2022,44,84851,1475,86370
5/13/2022,,,,
5/14/2022,54,84853,1475,86382
5/15/2022,58,84854,1475,86387
5/16/2022,58,84855,1475,86388
5/17/2022,,,,
5/18/2022,53,84869,1475,86397
5/19/2022,52,84883,1475,86410
5/20/2022,53,84887,1476,86416
5/21/2022,52,84893,1476,86421
5/22/2022,,,,
5/23/2022,40,84906,1476,86422
5/24/2022,36,84916,1476,86428
5/25/2022,42,84918,1476,86436
5/26/2022,,,,
5/27/2022,45,84928,1476,86449
5/28/2022,48,84932,1476,86456
5/29/2022,46,84943,1476,86465
5/30/2022,,,,
5/31/2022,65,84947,1476,86488
6/1/2022,72,84949,1476,86497
6/2/2022,73,84951,1476,86500
6/3/2022,78,84954,1476,86508
6/4/2022,,,,
6/5/2022,73,84978,1476,86527
6/6/2022,69,84985,1476,86530
6/7/2022,77,84993,1476,86546
6/8/2022,,,,
6/9/2022,83,85012,1476,86571
6/10/2022,80,85023,1476,86579
6/11/2022,84,85029,1476,86589
6/12/2022,83,85040,1476,86599
6/13/2022,,,,
6/14/2022,87,85052,1476,86615
6/15/2022,107,85058,1476,86641
6/16/2022,108,85072,1476,86656
6/17/2022,,,,
6/18/2022,119,85096,1476,86691
6/19/2022,131,85103,1476,86710
6/20/2022,145,85113,1476,86734
6/21/2022,158,85123,1476,86757
6/22/2022,,,,
6/23/2022,199,85147,1476,86822
6/24/2022,216,85170,1476,86862
6/25/2022,248,85184,1476,86908
6/26/2022,,,,
6/27/2022,297,85215,1476,86988
6/28/2022,317,85231,1476,87024
6/29/2022,329,85261,1476,87066
6/30/2022,345,85295,1476,87116
7/1/2022,,,,
7/2/2022,373,85363,1476,87212
7/3/2022,377,85410,1476,87263
7/4/2022,355,85457,1476,87288
7/5/2022,,,,
7/6/2022,407,85525,1477,87409
7/7/2022,440,85564,1477,87481
7/8/2022,475,85597,1477,87549
7/9/2022,,,,
7/10/2022,452,85703,1477,87632
7/11/2022,415,85761,1477,87653
7/12/2022,454,85812,1477,87743
7/13/2022,516,85830,1477,87823
7/14/2022,,,,
7/15/2022,545,85943,1478,87966
7/16/2022,597,86022,1478,88097
7/17/2022,607,86084,1478,88169
7/18/2022,,,,
7/19/2022,682,86175,1478,88335
7/20/2022,802,86194,1478,88474
7/21/2022,917,86194,1478,88589
7/22/2022,927,86281,1478,88686
7/23/2022,,,,
7/24/2022,951,86438,1479,88868
7/25/2022,951,86438,1479,88868
7/26/2022,946,86625,1479,89050
7/27/2022,,,,
7/28/2022,1082,86706,1480,89268
7/29/2022,1137,86756,1481,89374
7/30/2022,1133,86879,1481,89493
7/31/2022,1076,87005,1481,89562
8/1/2022,,,,
8/2/2022,1102,87224,1481,89807
8/3/2022,1149,87326,1481,89956
8/4/2022,1206,87403,1481,90090
8/5/2022,,,,
8/6/2022,1246,87592,1481,90319
8/7/2022,1124,87788,1481,90393
8/8/2022,1071,87911,1481,90463
8/9/2022,,,,
8/10/2022,1164,88106,1481,90751
8/11/2022,1226,88174,1481,90881
8/12/2022,995,88525,1481,91001
8/13/2022,982,88648,1481,91111
8/14/2022,,,,
8/15/2022,899,88896,1481,91276
8/16/2022,948,88966,1481,91395
8/17/2022,1007,89041,1481,91529
8/18/2022,,,,
8/19/2022,908,89341,1481,91730
8/20/2022,923,89444,1481,91848
8/21/2022,910,89543,1481,91934
8/22/2022,859,89677,1481,92017
8/23/2022,,,,
8/24/2022,1061,89834,1481,92376
8/25/2022,1120,89946,1481,92547
8/26/2022,1098,90092,1481,92671
8/27/2022,,,,
8/28/2022,1117,90275,1481,92873
8/29/2022,1081,90383,1481,92945
8/30/2022,,,,
8/31/2022,1275,90471,1482,93228
9/1/2022,1122,90738,1482,93342
9/2/2022,,,,
9/3/2022,1026,91069,1484,93579
9/4/2022,939,91214,1484,93637
9/5/2022,892,91345,1484,93721
9/6/2022,,,,
9/7/2022,953,91478,1484,93315
9/8/2022,863,91648,1484,93995
9/9/2022,831,91773,1484,94088
9/10/2022,773,91890,1484,94147
9/11/2022,,,,
9/12/2022,647,92098,1484,94229
9/13/2022,659,92177,1484,94320
9/14/2022,675,92242,1484,94401
9/15/2022,,,,
9/16/2022,,,,
9/17/2022,601,92518,1484,94603
9/18/2022,558,92611,1484,94653
9/19/2022,,,,
9/20/2022,558,92729,1484,94771
9/21/2022,601,92766,1484,94851
9/22/2022,584,92844,1484,94912
9/23/2022,552,92936,1484,94972
9/24/2022,,,,
9/25/2022,529,93073,1484,95086
9/26/2022,507,93129,1484,95120
9/27/2022,502,93182,1484,95168
9/28/2022,,,,
9/29/2022,498,93295,1484,95277
9/30/2022,475,93377,1484,95336
10/1/2022,461,93445,1484,95390
10/2/2022,424,93507,1484,95415
10/3/2022,,,,
10/4/2022,391,93619,1484,95494
10/5/2022,416,93639,1484,95539
10/6/2022,409,93699,1484,95592
10/7/2022,,,,
10/8/2022,382,93806,1484,95672
10/9/2022,349,93857,1484,95690
10/10/2022,327,93914,1484,95725
10/11/2022,354,93957,1484,95795
10/12/2022,,,,
10/13/2022,373,94039,1484,95896
10/14/2022,363,94075,1484,95922
10/15/2022,363,94124,1484,95971
10/16/2022,,,,
10/17/2022,381,94173,1484,96038
10/18/2022,370,94229,1484,96083
10/19/2022,402,94255,1484,96141
10/20/2022,419,94318,1484,96221
10/21/2022,,,,
10/22/2022,407,94416,1484,96307
10/23/2022,414,94450,1484,96348
10/24/2022,421,94494,1484,96399
10/25/2022,,,,
10/26/2022,524,94554,1484,96562
10/27/2022,529,94616,1484,96629
10/28/2022,524,94677,1484,96685
10/29/2022,,,,
10/30/2022,564,94754,1484,96802
10/31/2022,576,94803,1484,96863
11/1/2022,625,94844,1484,96953
11/2/2022,688,94892,1484,97064
11/3/2022,,,,
11/4/2022,801,95002,1484,97287
11/5/2022,821,95081,1484,97386
11/6/2022,822,95159,1484,97465
11/7/2022,,,,
11/8/2022,828,95336,1484,97648
11/9/2022,879,95386,1484,97749
11/10/2022,912,95500,1484,97896
11/11/2022,934,95603,1484,98021
11/12/2022,,,,
11/13/2022,924,95845,1484,98253
11/14/2022,929,95947,1484,98360
11/15/2022,,,,
11/16/2022,1124,96118,1484,98726
11/17/2022,,,,
11/18/2022,1245,96363,1484,99092
11/19/2022,1243,96504,1484,99231
11/20/2022,1243,96597,1484,99324
11/21/2022,1224,96722,1484,99430
11/22/2022,,,,
11/23/2022,1444,96901,1484,99829
11/24/2022,1467,97089,1484,100040
11/25/2022,1505,97267,1484,100256
11/26/2022,,,,
11/27/2022,1348,97654,1485,100487
11/28/2022,1353,97799,1485,100637
11/29/2022,1370,97918,1485,100773
11/30/2022,,,,
12/1/2022,1413,98226,1485,101124
12/2/2022,1413,98407,1485,101305
12/3/2022,,,,
12/4/2022,1176,98842,1485,101503
12/5/2022,,,,
12/6/2022,1179,99101,1485,101765
12/7/2022,1184,99199,1485,101868
12/8/2022,1160,99376,1485,102021
12/9/2022,,,,
12/10/2022,,,,
12/11/2022,955,99832,1485,102272
12/12/2022,859,100002,1485,102346
12/13/2022,839,100108,1485,102432
12/14/2022,,,,
12/15/2022,819,100323,1485,102627
12/16/2022,763,100439,1485,102687
12/17/2022,675,100580,1485,102740
12/18/2022,,,,
12/19/2022,587,100768,1485,102840
12/20/2022,563,100847,1485,102895
12/21/2022,567,100884,1485,102936
12/22/2022,503,100998,1485,102986
12/23/2022,,,,
12/24/2022,,,,
12/25/2022,398,101230,1485,103113
12/26/2022,359,101299,1485,103143
12/27/2022,365,101346,1485,103196
12/28/2022,,,,
12/29/2022,405,101372,1485,103262
12/30/2022,330,101474,1485,103289
12/31/2022,293,101524,1485,103302
1/1/2023,259,101571,1485,103315
1/2/2023,,,,
1/3/2023,237,101638,1485,103360
1/4/2023,251,101658,1485,103394
1/5/2023,219,101708,1485,103412
1/6/2023,,,,
1/7/2023,191,101782,1485,103458
1/8/2023,,,,
1/9/2023,218,101782,1485,103485
1/10/2023,,,,
1/11/2023,206,101834,1485,103525
1/12/2023,205,101850,1485,103540
1/13/2023,198,101877,1485,103560
1/14/2023,174,101915,1485,103574
1/15/2023,,,,
1/16/2023,,,,
1/17/2023,136,101992,1485,103613
1/18/2023,141,102001,1485,103627
1/19/2023,138,102021,1485,103644
1/20/2023,,,,
1/21/2023,120,102062,1485,103667
1/22/2023,,,,
1/23/2023,105,102093,1485,103683
1/24/2023,102,102108,1485,103695
1/25/2023,115,102115,1485,103715
1/26/2023,,,,
1/27/2023,104,102146,1485,103735
1/28/2023,,,,
1/29/2023,83,102179,1485,103747
1/30/2023,83,102188,1485,103756
1/31/2023,,,,
2/1/2023,69,102218,1485,103772
2/2/2023,62,102235,1485,103782
2/3/2023,71,102235,1485,103791
2/4/2023,,,,
2/5/2023,69,102253,1485,103807
2/6/2023,,,,
2/7/2023,69,102271,1485,103825
2/8/2023,75,102274,1485,103834
2/9/2023,76,102280,1485,103841
2/10/2023,,,,
2/11/2023,76,102296,1486,103858
2/12/2023,78,102304,1486,103868
2/13/2023,79,102311,1486,103876
2/14/2023,73,102322,1486,103881
2/15/2023,,,,
2/16/2023,71,102345,1486,103902
2/17/2023,69,102353,1486,103908
2/18/2023,69,102362,1486,103917
2/19/2023,,,,
2/20/2023,65,102377,1486,103928
2/21/2023,65,102377,1486,103928
2/22/2023,75,102384,1486,103945
2/23/2023,,,,
2/24/2023,65,102410,1486,103961
2/25/2023,75,102410,1486,103971
2/26/2023,68,102422,1486,103976
2/27/2023,,,,
2/28/2023,,,,
3/1/2023,77,102444,1486,104007
3/2/2023,82,102452,1486,104020
3/3/2023,,,,
3/4/2023,78,102471,1486,104035
3/5/2023,,,,
3/6/2023,,,,
3/7/2023,76,102478,1486,104040
3/8/2023,81,102491,1486,104058
3/9/2023,87,102496,1486,104069
3/10/2023,,,,
3/11/2023,79,102528,1486,104093
3/12/2023,,,,
3/13/2023,65,102553,1486,104104
3/14/2023,74,102560,1486,104120
3/15/2023,79,102563,1486,104128
3/16/2023,,,,
3/17/2023,,,,
3/18/2023,,,,
3/19/2023,88,102598,1486,104172
3/20/2023,,,,
3/21/2023,90,102617,1486,104193
3/22/2023,,,,
3/23/2023,90,102635,1486,104211
3/24/2023,,,,
3/25/2023,,,,
3/26/2023,96,102674,1486,104256
3/27/2023,,,,
3/28/2023,106,102691,1486,104283
3/29/2023,113,102697,1486,104296
3/30/2023,108,102711,1486,104305
3/31/2023,,,,
4/1/2023,,,,
4/2/2023,,,,
4/3/2023,125,102739,1486,104350
4/4/2023,122,102757,1486,104365
4/5/2023,122,102778,1486,104386
4/6/2023,,,,
4/7/2023,,,,
4/8/2023,131,102810,1486,104427
4/9/2023,133,102824,1486,104443
4/10/2023,138,102832,1486,104456
4/11/2023,150,102847,1486,104483
4/12/2023,,,,
4/13/2023,,,,
4/14/2023,,,,
4/15/2023,168,102917,1486,104571
4/16/2023,179,102932,1486,104597
4/17/2023,,,,
4/18/2023,196,102959,1486,104641
4/19/2023,,,,
4/20/2023,,,,
4/21/2023,,,,
4/22/2023,,,,
4/23/2023,,,,
4/24/2023,,,,
4/25/2023,222,103112,1487,104821
4/26/2023,238,103132,1487,104857
4/27/2023,274,103156,1487,104917
4/28/2023,284,103186,1487,104957
4/29/2023,,,,
4/30/2023,,,,
5/1/2023,,,,
5/2/2023,361,103282,1488,105131
5/3/2023,,,,
5/4/2023,471,103334,1488,105293
5/5/2023,,,,
5/6/2023,,,,
5/7/2023,491,103481,1488,105460
5/8/2023,,,,
5/9/2023,483,103577,1488,105548
5/10/2023,492,103609,1489,105590
5/11/2023,516,103633,1489,105638
5/12/2023,426,103767,1489,105682
5/13/2023,389,103826,1489,105704
5/14/2023,340,103890,1489,105719
5/15/2023,311,103943,1489,105743
5/16/2023,286,103987,1489,105762
5/17/2023,289,104008,1489,105786
5/18/2023,253,104066,1489,105808
5/19/2023,215,104112,1489,105816
5/20/2023,192,104153,1489,105834
5/21/2023,169,104196,1489,105854
5/22/2023,,,,
5/23/2023,177,104239,1489,105905
5/24/2023,,,,
5/25/2023,,,,
5/26/2023,,,,
5/27/2023,,,,
5/28/2023,,,,
5/29/2023,173,104352,1489,106014
5/30/2023,168,104377,1489,106034
5/31/2023,166,104386,1489,106041
6/1/2023,144,104418,1489,106051
6/2/2023,118,104451,1489,106058
6/3/2023,109,104470,1489,106068
6/4/2023,99,104490,1489,106078
6/5/2023,96,104502,1489,106087
6/6/2023,,,,
6/7/2023,84,104528,1489,106101
6/8/2023,75,104543,1489,106107
6/9/2023,,,,
6/10/2023,,,,
6/11/2023,71,104564,1489,106124
6/12/2023,69,104569,1489,106127
6/13/2023,,,,
6/14/2023,58,104592,1489,106139
6/15/2023,,,,
6/16/2023,51,104608,1489,106148
6/17/2023,,,,
6/18/2023,41,104619,1489,106149
6/19/2023,32,104632,1489,106153
6/20/2023,29,104638,1489,106156